Bob,Mass,Peak 1,Peak 2,Peak 3,Peak 4,Peak 5,Time Period
Small brass,9.72,16,8,4,2,1,16
Small stainless steel,14.55,81,27,9,3,1,81
Small light gray,3.88,256,64,16,4,1,1
Small orange,10.73,625,125,25,5,1,1
Small stone,13.60,1296,6,1,0.166666666666667,0.0277777777777778,1
